[{"model": "content_blocks.textfield", "pk": 11, "fields": {"template_field": 1, "content_block": 11, "field_type": "TextField", "text": "Header", "content": "", "checkbox": false, "image": "", "file": "", "choice": "", "video": "", "embedded_video": "", "model_choice_content_type": null, "model_choice_object_id": null}}, {"model": "content_blocks.textfield", "pk": 27, "fields": {"template_field": 12, "content_block": 27, "field_type": "TextField", "text": "", "content": "", "checkbox": false, "image": "", "file": "", "choice": "", "video": "", "embedded_video": "", "model_choice_content_type": null, "model_choice_object_id": null}}, {"model": "content_blocks.contentfield", "pk": 28, "fields": {"template_field": 13, "content_block": 27, "field_type": "ContentField", "text": "", "content": "", "checkbox": false, "image": "", "file": "", "choice": "", "video": "", "embedded_video": "", "model_choice_content_type": null, "model_choice_object_id": null}}, {"model": "content_blocks.imagefield", "pk": 29, "fields": {"template_field": 14, "content_block": 27, "field_type": "ImageField", "text": "", "content": "", "checkbox": false, "image": "", "file": "", "choice": "", "video": "", "embedded_video": "", "model_choice_content_type": null, "model_choice_object_id": null}}, {"model": "content_blocks.videofield", "pk": 30, "fields": {"template_field": 15, "content_block": 27, "field_type": "VideoField", "text": "", "content": "", "checkbox": false, "image": "", "file": "", "choice": "", "video": "", "embedded_video": "", "model_choice_content_type": null, "model_choice_object_id": null}}, {"model": "content_blocks.embeddedvideofield", "pk": 31, "fields": {"template_field": 16, "content_block": 27, "field_type": "EmbeddedVideoField", "text": "", "content": "", "checkbox": false, "image": "", "file": "", "choice": "", "video": "", "embedded_video": "", "model_choice_content_type": null, "model_choice_object_id": null}}, {"model": "content_blocks.nestedfield", "pk": 32, "fields": {"template_field": 17, "content_block": 27, "field_type": "NestedField", "text": "", "content": "", "checkbox": false, "image": "", "file": "", "choice": "", "video": "", "embedded_video": "", "model_choice_content_type": null, "model_choice_object_id": null}}, {"model": "content_blocks.checkboxfield", "pk": 33, "fields": {"template_field": 18, "content_block": 27, "field_type": "CheckboxField", "text": "", "content": "", "checkbox": false, "image": "", "file": "", "choice": "", "video": "", "embedded_video": "", "model_choice_content_type": null, "model_choice_object_id": null}}, {"model": "content_blocks.choicefield", "pk": 34, "fields": {"template_field": 19, "content_block": 27, "field_type": "ChoiceField", "text": "", "content": "", "checkbox": false, "image": "", "file": "", "choice": "", "video": "", "embedded_video": "", "model_choice_content_type": null, "model_choice_object_id": null}}, {"model": "content_blocks.filefield", "pk": 37, "fields": {"template_field": 22, "content_block": 27, "field_type": "FileField", "text": "", "content": "", "checkbox": false, "image": "", "file": "", "choice": "", "video": "", "embedded_video": "", "model_choice_content_type": null, "model_choice_object_id": null}}, {"model": "content_blocks.textfield", "pk": 38, "fields": {"template_field": 1, "content_block": 28, "field_type": "TextField", "text": "", "content": "", "checkbox": false, "image": "", "file": "", "choice": "", "video": "", "embedded_video": "", "model_choice_content_type": null, "model_choice_object_id": null}}, {"model": "content_blocks.textfield", "pk": 39, "fields": {"template_field": 12, "content_block": 29, "field_type": "TextField", "text": "", "content": "", "checkbox": false, "image": "", "file": "", "choice": "", "video": "", "embedded_video": "", "model_choice_content_type": null, "model_choice_object_id": null}}, {"model": "content_blocks.contentfield", "pk": 40, "fields": {"template_field": 13, "content_block": 29, "field_type": "ContentField", "text": "", "content": "", "checkbox": false, "image": "", "file": "", "choice": "", "video": "", "embedded_video": "", "model_choice_content_type": null, "model_choice_object_id": null}}, {"model": "content_blocks.imagefield", "pk": 41, "fields": {"template_field": 14, "content_block": 29, "field_type": "ImageField", "text": "", "content": "", "checkbox": false, "image": "", "file": "", "choice": "", "video": "", "embedded_video": "", "model_choice_content_type": null, "model_choice_object_id": null}}, {"model": "content_blocks.videofield", "pk": 42, "fields": {"template_field": 15, "content_block": 29, "field_type": "VideoField", "text": "", "content": "", "checkbox": false, "image": "", "file": "", "choice": "", "video": "", "embedded_video": "", "model_choice_content_type": null, "model_choice_object_id": null}}, {"model": "content_blocks.embeddedvideofield", "pk": 43, "fields": {"template_field": 16, "content_block": 29, "field_type": "EmbeddedVideoField", "text": "", "content": "", "checkbox": false, "image": "", "file": "", "choice": "", "video": "", "embedded_video": "", "model_choice_content_type": null, "model_choice_object_id": null}}, {"model": "content_blocks.nestedfield", "pk": 44, "fields": {"template_field": 17, "content_block": 29, "field_type": "NestedField", "text": "", "content": "", "checkbox": false, "image": "", "file": "", "choice": "", "video": "", "embedded_video": "", "model_choice_content_type": null, "model_choice_object_id": null}}, {"model": "content_blocks.checkboxfield", "pk": 45, "fields": {"template_field": 18, "content_block": 29, "field_type": "CheckboxField", "text": "", "content": "", "checkbox": false, "image": "", "file": "", "choice": "", "video": "", "embedded_video": "", "model_choice_content_type": null, "model_choice_object_id": null}}, {"model": "content_blocks.choicefield", "pk": 46, "fields": {"template_field": 19, "content_block": 29, "field_type": "ChoiceField", "text": "", "content": "", "checkbox": false, "image": "", "file": "", "choice": "", "video": "", "embedded_video": "", "model_choice_content_type": null, "model_choice_object_id": null}}, {"model": "content_blocks.filefield", "pk": 49, "fields": {"template_field": 22, "content_block": 29, "field_type": "FileField", "text": "", "content": "", "checkbox": false, "image": "", "file": "", "choice": "", "video": "", "embedded_video": "", "model_choice_content_type": null, "model_choice_object_id": null}}, {"model": "content_blocks.textfield", "pk": 50, "fields": {"template_field": 1, "content_block": 30, "field_type": "TextField", "text": "", "content": "", "checkbox": false, "image": "", "file": "", "choice": "", "video": "", "embedded_video": "", "model_choice_content_type": null, "model_choice_object_id": null}}, {"model": "content_blocks.textfield", "pk": 375, "fields": {"template_field": 1, "content_block": 257, "field_type": "TextField", "text": "Some text", "content": "", "checkbox": false, "image": "", "file": "", "choice": "", "video": "", "embedded_video": "", "model_choice_content_type": null, "model_choice_object_id": null}}, {"model": "content_blocks.nestedfield", "pk": 424, "fields": {"template_field": 6, "content_block": 279, "field_type": "NestedField", "text": "", "content": "", "checkbox": false, "image": "", "file": "", "choice": "", "video": "", "embedded_video": "", "model_choice_content_type": null, "model_choice_object_id": null}}, {"model": "content_blocks.choicefield", "pk": 504, "fields": {"template_field": 8, "content_block": 329, "field_type": "ChoiceField", "text": "", "content": "", "checkbox": false, "image": "", "file": "", "choice": "", "video": "", "embedded_video": "", "model_choice_content_type": null, "model_choice_object_id": null}}, {"model": "content_blocks.textfield", "pk": 505, "fields": {"template_field": 1, "content_block": 330, "field_type": "TextField", "text": "Some text", "content": "", "checkbox": false, "image": "", "file": "", "choice": "", "video": "", "embedded_video": "", "model_choice_content_type": null, "model_choice_object_id": null}}, {"model": "content_blocks.videofield", "pk": 506, "fields": {"template_field": 4, "content_block": 331, "field_type": "VideoField", "text": "", "content": "", "checkbox": false, "image": "", "file": "", "choice": "", "video": "", "embedded_video": "", "model_choice_content_type": null, "model_choice_object_id": null}}, {"model": "content_blocks.imagefield", "pk": 507, "fields": {"template_field": 29, "content_block": 331, "field_type": "ImageField", "text": "", "content": "", "checkbox": false, "image": "", "file": "", "choice": "", "video": "", "embedded_video": "", "model_choice_content_type": null, "model_choice_object_id": null}}, {"model": "content_blocks.choicefield", "pk": 508, "fields": {"template_field": 24, "content_block": 332, "field_type": "ChoiceField", "text": "", "content": "", "checkbox": false, "image": "", "file": "", "choice": "large", "video": "", "embedded_video": "", "model_choice_content_type": null, "model_choice_object_id": null}}, {"model": "content_blocks.textfield", "pk": 509, "fields": {"template_field": 25, "content_block": 332, "field_type": "TextField", "text": "asd", "content": "", "checkbox": false, "image": "", "file": "", "choice": "", "video": "", "embedded_video": "", "model_choice_content_type": null, "model_choice_object_id": null}}, {"model": "content_blocks.contentblock", "pk": 11, "fields": {"visible": true, "create_date": "2022-12-26T15:43:42.003Z", "mod_date": "2022-12-26T15:43:42.020Z", "position": 0, "content_block_template": 1, "parent": null, "css_class": "", "draft": false, "saved": true}}, {"model": "content_blocks.contentblock", "pk": 27, "fields": {"visible": true, "create_date": "2023-01-10T17:45:51.275Z", "mod_date": "2023-01-10T17:45:51.275Z", "position": 2, "content_block_template": 12, "parent": null, "css_class": "", "draft": true, "saved": false}}, {"model": "content_blocks.contentblock", "pk": 28, "fields": {"visible": true, "create_date": "2023-01-10T17:54:49.790Z", "mod_date": "2023-01-10T17:54:49.790Z", "position": 0, "content_block_template": 1, "parent": 32, "css_class": "", "draft": false, "saved": false}}, {"model": "content_blocks.contentblock", "pk": 29, "fields": {"visible": true, "create_date": "2023-01-10T17:56:06.134Z", "mod_date": "2023-01-10T17:56:06.134Z", "position": 3, "content_block_template": 12, "parent": null, "css_class": "", "draft": true, "saved": false}}, {"model": "content_blocks.contentblock", "pk": 30, "fields": {"visible": true, "create_date": "2023-01-10T19:03:22.758Z", "mod_date": "2023-01-10T19:03:22.758Z", "position": 1, "content_block_template": 1, "parent": 32, "css_class": "", "draft": false, "saved": false}}, {"model": "content_blocks.contentblock", "pk": 257, "fields": {"visible": true, "create_date": "2023-02-27T11:28:42.991Z", "mod_date": "2023-02-27T11:28:43.004Z", "position": 0, "content_block_template": 1, "parent": null, "css_class": "", "draft": false, "saved": true}}, {"model": "content_blocks.contentblock", "pk": 279, "fields": {"visible": true, "create_date": "2023-03-04T00:40:07.491Z", "mod_date": "2023-03-04T00:40:07.491Z", "position": 0, "content_block_template": 6, "parent": null, "css_class": "", "draft": true, "saved": false}}, {"model": "content_blocks.contentblock", "pk": 329, "fields": {"visible": true, "create_date": "2023-03-07T15:31:37.127Z", "mod_date": "2023-03-07T15:31:37.127Z", "position": 0, "content_block_template": 8, "parent": null, "css_class": "", "draft": true, "saved": false}}, {"model": "content_blocks.contentblock", "pk": 330, "fields": {"visible": true, "create_date": "2023-03-17T12:23:13.215Z", "mod_date": "2023-03-17T12:23:13.215Z", "position": 0, "content_block_template": 1, "parent": null, "css_class": "", "draft": true, "saved": true}}, {"model": "content_blocks.contentblock", "pk": 331, "fields": {"visible": true, "create_date": "2023-03-17T12:23:17.027Z", "mod_date": "2023-03-17T12:23:17.027Z", "position": 1, "content_block_template": 4, "parent": null, "css_class": "", "draft": true, "saved": false}}, {"model": "content_blocks.contentblock", "pk": 332, "fields": {"visible": true, "create_date": "2023-03-17T12:23:25.939Z", "mod_date": "2023-03-17T12:23:32.179Z", "position": 2, "content_block_template": 15, "parent": null, "css_class": "", "draft": true, "saved": true}}, {"model": "content_blocks.contentblocktemplate", "pk": 1, "fields": {"visible": true, "create_date": "2022-12-22T22:38:27.032Z", "mod_date": "2023-03-02T00:04:55.667Z", "position": 1, "name": "Text", "template_filename": "text.html", "no_cache": false}}, {"model": "content_blocks.contentblocktemplate", "pk": 2, "fields": {"visible": true, "create_date": "2022-12-22T22:50:46.534Z", "mod_date": "2023-03-03T22:28:03.206Z", "position": 2, "name": "Content", "template_filename": "content.html", "no_cache": false}}, {"model": "content_blocks.contentblocktemplate", "pk": 3, "fields": {"visible": true, "create_date": "2022-12-22T22:51:02.692Z", "mod_date": "2023-02-24T02:50:42.925Z", "position": 3, "name": "Image", "template_filename": "image.html", "no_cache": false}}, {"model": "content_blocks.contentblocktemplate", "pk": 4, "fields": {"visible": true, "create_date": "2022-12-24T17:07:47.680Z", "mod_date": "2023-03-06T00:06:21.882Z", "position": 4, "name": "Video", "template_filename": "video.html", "no_cache": false}}, {"model": "content_blocks.contentblocktemplate", "pk": 5, "fields": {"visible": true, "create_date": "2022-12-24T17:12:08.475Z", "mod_date": "2022-12-24T17:12:08.475Z", "position": 5, "name": "Embedded Video", "template_filename": "embedded_video.html", "no_cache": false}}, {"model": "content_blocks.contentblocktemplate", "pk": 6, "fields": {"visible": true, "create_date": "2022-12-24T17:13:13.789Z", "mod_date": "2023-03-04T00:37:21.294Z", "position": 6, "name": "Nested", "template_filename": "nested.html", "no_cache": false}}, {"model": "content_blocks.contentblocktemplate", "pk": 7, "fields": {"visible": true, "create_date": "2022-12-24T17:14:34.500Z", "mod_date": "2022-12-24T17:14:34.500Z", "position": 7, "name": "Checkbox", "template_filename": "checkbox.html", "no_cache": false}}, {"model": "content_blocks.contentblocktemplate", "pk": 8, "fields": {"visible": true, "create_date": "2022-12-24T17:19:04.883Z", "mod_date": "2023-02-01T00:08:33.911Z", "position": 8, "name": "Choice", "template_filename": "choice.html", "no_cache": false}}, {"model": "content_blocks.contentblocktemplate", "pk": 9, "fields": {"visible": true, "create_date": "2022-12-24T17:38:27.900Z", "mod_date": "2023-02-01T13:47:50.960Z", "position": 9, "name": "Model Choice", "template_filename": "model_choice.html", "no_cache": false}}, {"model": "content_blocks.contentblocktemplate", "pk": 11, "fields": {"visible": true, "create_date": "2022-12-24T17:39:32.315Z", "mod_date": "2022-12-24T17:39:32.315Z", "position": 11, "name": "File", "template_filename": "file.html", "no_cache": false}}, {"model": "content_blocks.contentblocktemplate", "pk": 12, "fields": {"visible": true, "create_date": "2023-01-10T17:43:48.125Z", "mod_date": "2023-02-01T19:50:41.992Z", "position": 12, "name": "One of Each", "template_filename": "one_of_each.html", "no_cache": false}}, {"model": "content_blocks.contentblocktemplate", "pk": 13, "fields": {"visible": true, "create_date": "2023-03-02T00:24:35.033Z", "mod_date": "2023-03-08T14:09:12.677Z", "position": 13, "name": "test", "template_filename": "", "no_cache": false}}, {"model": "content_blocks.contentblocktemplate", "pk": 14, "fields": {"visible": true, "create_date": "2023-03-04T02:45:42.790Z", "mod_date": "2023-03-04T02:45:42.790Z", "position": 14, "name": "Double Nested", "template_filename": "double_nested.html", "no_cache": false}}, {"model": "content_blocks.contentblocktemplate", "pk": 15, "fields": {"visible": true, "create_date": "2023-03-06T00:03:35.465Z", "mod_date": "2023-03-06T00:03:44.957Z", "position": 15, "name": "Heading", "template_filename": "heading.html", "no_cache": false}}, {"model": "content_blocks.contentblocktemplate", "pk": 16, "fields": {"visible": true, "create_date": "2023-03-06T00:05:27.210Z", "mod_date": "2023-03-06T00:05:27.210Z", "position": 16, "name": "Gallery Image", "template_filename": "", "no_cache": false}}, {"model": "content_blocks.contentblocktemplate", "pk": 17, "fields": {"visible": true, "create_date": "2023-03-06T00:05:31.365Z", "mod_date": "2023-03-06T00:05:46.629Z", "position": 17, "name": "Gallery", "template_filename": "gallery.html", "no_cache": false}}, {"model": "content_blocks.contentblocktemplatefield", "pk": 1, "fields": {"position": 0, "content_block_template": 1, "field_type": "TextField", "key": "text", "help_text": "", "required": true, "css_class": "special-text", "min_num": 0, "max_num": 99, "choices": "", "model_choice_content_type": null, "nested_templates": []}}, {"model": "content_blocks.contentblocktemplatefield", "pk": 2, "fields": {"position": 0, "content_block_template": 2, "field_type": "ContentField", "key": "content", "help_text": "", "required": true, "css_class": "", "min_num": 0, "max_num": 99, "choices": "", "model_choice_content_type": null, "nested_templates": []}}, {"model": "content_blocks.contentblocktemplatefield", "pk": 3, "fields": {"position": 0, "content_block_template": 3, "field_type": "ImageField", "key": "image", "help_text": "", "required": true, "css_class": "", "min_num": 0, "max_num": 99, "choices": "", "model_choice_content_type": null, "nested_templates": []}}, {"model": "content_blocks.contentblocktemplatefield", "pk": 4, "fields": {"position": 0, "content_block_template": 4, "field_type": "VideoField", "key": "video", "help_text": "", "required": true, "css_class": "", "min_num": 0, "max_num": 99, "choices": "", "model_choice_content_type": null, "nested_templates": []}}, {"model": "content_blocks.contentblocktemplatefield", "pk": 5, "fields": {"position": 0, "content_block_template": 5, "field_type": "EmbeddedVideoField", "key": "embedded_video", "help_text": "", "required": true, "css_class": "", "min_num": 0, "max_num": 99, "choices": "", "model_choice_content_type": null, "nested_templates": []}}, {"model": "content_blocks.contentblocktemplatefield", "pk": 6, "fields": {"position": 0, "content_block_template": 6, "field_type": "NestedField", "key": "nested", "help_text": "", "required": false, "css_class": "", "min_num": 1, "max_num": 3, "choices": "", "model_choice_content_type": null, "nested_templates": [1, 2]}}, {"model": "content_blocks.contentblocktemplatefield", "pk": 7, "fields": {"position": 0, "content_block_template": 7, "field_type": "CheckboxField", "key": "checkbox", "help_text": "", "required": false, "css_class": "", "min_num": 0, "max_num": 99, "choices": "", "model_choice_content_type": null, "nested_templates": []}}, {"model": "content_blocks.contentblocktemplatefield", "pk": 8, "fields": {"position": 0, "content_block_template": 8, "field_type": "ChoiceField", "key": "choice", "help_text": "", "required": true, "css_class": "", "min_num": 0, "max_num": 99, "choices": "[[\"1\",\"Option One\"],[\"two\",\"Option Two\"],[\"Testing321\",\"Option 321\"]]", "model_choice_content_type": null, "nested_templates": []}}, {"model": "content_blocks.contentblocktemplatefield", "pk": 9, "fields": {"position": 0, "content_block_template": 9, "field_type": "ModelChoiceField", "key": "model_choice", "help_text": "", "required": false, "css_class": "", "min_num": 0, "max_num": 99, "choices": "", "model_choice_content_type": 4, "nested_templates": []}}, {"model": "content_blocks.contentblocktemplatefield", "pk": 11, "fields": {"position": 0, "content_block_template": 11, "field_type": "FileField", "key": "file", "help_text": "", "required": true, "css_class": "", "min_num": 0, "max_num": 99, "choices": "", "model_choice_content_type": null, "nested_templates": []}}, {"model": "content_blocks.contentblocktemplatefield", "pk": 12, "fields": {"position": 1, "content_block_template": 12, "field_type": "TextField", "key": "text", "help_text": "", "required": true, "css_class": "", "min_num": 0, "max_num": 99, "choices": "", "model_choice_content_type": null, "nested_templates": []}}, {"model": "content_blocks.contentblocktemplatefield", "pk": 13, "fields": {"position": 2, "content_block_template": 12, "field_type": "ContentField", "key": "content", "help_text": "", "required": false, "css_class": "", "min_num": 0, "max_num": 99, "choices": "", "model_choice_content_type": null, "nested_templates": []}}, {"model": "content_blocks.contentblocktemplatefield", "pk": 14, "fields": {"position": 3, "content_block_template": 12, "field_type": "ImageField", "key": "image", "help_text": "", "required": false, "css_class": "", "min_num": 0, "max_num": 99, "choices": "", "model_choice_content_type": null, "nested_templates": []}}, {"model": "content_blocks.contentblocktemplatefield", "pk": 15, "fields": {"position": 4, "content_block_template": 12, "field_type": "VideoField", "key": "video", "help_text": "", "required": false, "css_class": "", "min_num": 0, "max_num": 99, "choices": "", "model_choice_content_type": null, "nested_templates": []}}, {"model": "content_blocks.contentblocktemplatefield", "pk": 16, "fields": {"position": 5, "content_block_template": 12, "field_type": "EmbeddedVideoField", "key": "embedded_video", "help_text": "", "required": false, "css_class": "", "min_num": 0, "max_num": 99, "choices": "", "model_choice_content_type": null, "nested_templates": []}}, {"model": "content_blocks.contentblocktemplatefield", "pk": 17, "fields": {"position": 6, "content_block_template": 12, "field_type": "NestedField", "key": "nested", "help_text": "", "required": false, "css_class": "", "min_num": 0, "max_num": 99, "choices": "", "model_choice_content_type": null, "nested_templates": [1]}}, {"model": "content_blocks.contentblocktemplatefield", "pk": 18, "fields": {"position": 7, "content_block_template": 12, "field_type": "CheckboxField", "key": "checkbox", "help_text": "", "required": false, "css_class": "", "min_num": 0, "max_num": 99, "choices": "", "model_choice_content_type": null, "nested_templates": []}}, {"model": "content_blocks.contentblocktemplatefield", "pk": 19, "fields": {"position": 8, "content_block_template": 12, "field_type": "ChoiceField", "key": "choice", "help_text": "", "required": false, "css_class": "", "min_num": 0, "max_num": 99, "choices": "[[\"value1\", \"Option One\"], [\"value2\", \"Option Two\"]]", "model_choice_content_type": null, "nested_templates": []}}, {"model": "content_blocks.contentblocktemplatefield", "pk": 20, "fields": {"position": 9, "content_block_template": 12, "field_type": "ModelChoiceField", "key": "model_choice", "help_text": "", "required": false, "css_class": "", "min_num": 0, "max_num": 99, "choices": "", "model_choice_content_type": 13, "nested_templates": []}}, {"model": "content_blocks.contentblocktemplatefield", "pk": 22, "fields": {"position": 11, "content_block_template": 12, "field_type": "FileField", "key": "file", "help_text": "", "required": false, "css_class": "", "min_num": 0, "max_num": 99, "choices": "", "model_choice_content_type": null, "nested_templates": []}}, {"model": "content_blocks.contentblocktemplatefield", "pk": 23, "fields": {"position": 1, "content_block_template": 14, "field_type": "NestedField", "key": "nested", "help_text": "", "required": false, "css_class": "", "min_num": 0, "max_num": 99, "choices": "", "model_choice_content_type": null, "nested_templates": [6]}}, {"model": "content_blocks.contentblocktemplatefield", "pk": 24, "fields": {"position": 1, "content_block_template": 15, "field_type": "ChoiceField", "key": "style", "help_text": "", "required": true, "css_class": "", "min_num": 0, "max_num": 99, "choices": "[[\"large\",\"Large\"],[\"medium\",\"Medium\"],[\"small\",\"Small\"]]", "model_choice_content_type": null, "nested_templates": []}}, {"model": "content_blocks.contentblocktemplatefield", "pk": 25, "fields": {"position": 2, "content_block_template": 15, "field_type": "TextField", "key": "heading", "help_text": "", "required": true, "css_class": "", "min_num": 0, "max_num": 99, "choices": "", "model_choice_content_type": null, "nested_templates": []}}, {"model": "content_blocks.contentblocktemplatefield", "pk": 26, "fields": {"position": 1, "content_block_template": 16, "field_type": "ImageField", "key": "image", "help_text": "", "required": true, "css_class": "", "min_num": 0, "max_num": 99, "choices": "", "model_choice_content_type": null, "nested_templates": []}}, {"model": "content_blocks.contentblocktemplatefield", "pk": 27, "fields": {"position": 2, "content_block_template": 16, "field_type": "TextField", "key": "alt_text", "help_text": "", "required": false, "css_class": "", "min_num": 0, "max_num": 99, "choices": "", "model_choice_content_type": null, "nested_templates": []}}, {"model": "content_blocks.contentblocktemplatefield", "pk": 28, "fields": {"position": 1, "content_block_template": 17, "field_type": "NestedField", "key": "images", "help_text": "", "required": false, "css_class": "", "min_num": 1, "max_num": 99, "choices": "", "model_choice_content_type": null, "nested_templates": [16]}}, {"model": "content_blocks.contentblocktemplatefield", "pk": 29, "fields": {"position": 1, "content_block_template": 4, "field_type": "ImageField", "key": "poster_image", "help_text": "", "required": false, "css_class": "", "min_num": 0, "max_num": 99, "choices": "", "model_choice_content_type": null, "nested_templates": []}}, {"model": "content_blocks.contentblocktemplatefield", "pk": 30, "fields": {"position": 1, "content_block_template": 13, "field_type": "TextField", "key": "text", "help_text": "", "required": false, "css_class": "", "min_num": 0, "max_num": 99, "choices": "", "model_choice_content_type": null, "nested_templates": []}}, {"model": "content_blocks.contentblocktemplatefield", "pk": 31, "fields": {"position": 2, "content_block_template": 13, "field_type": "TextField", "key": "test", "help_text": "", "required": false, "css_class": "", "min_num": 0, "max_num": 99, "choices": "", "model_choice_content_type": null, "nested_templates": []}}, {"model": "content_blocks.contentblockavailability", "pk": 1, "fields": {"create_date": "2022-12-22T22:51:27.345Z", "mod_date": "2023-03-07T15:31:22.174Z", "content_type": 25, "content_block_templates": [4, 5, 8, 15, 17]}}, {"model": "content_blocks.contentblockcollection", "pk": 1, "fields": {"create_date": "2023-01-05T14:33:22.991Z", "mod_date": "2023-03-01T13:20:13.448Z", "name": "", "slug": "header", "content_blocks": [11, 27, 29]}}]